{
    "timestamp": "2025-02-22T14:15:33.479681",
    "model_type": "DataFrame",
    "feature_importance": {
        "person_age": 0.0043359060966443805,
        "person_income": 0.03813461053927274,
        "person_emp_length": 0.015606392136789835,
        "loan_amnt": 0.02400849163432412,
        "loan_percent_income": 0.17978729911145863,
        "cb_person_default_on_file": 0.03070846745028097,
        "person_home_ownership_OTHER": 0.003840525481212668,
        "person_home_ownership_OWN": 0.033234826054230525,
        "person_home_ownership_RENT": 0.09481882949726336,
        "loan_intent_DEBTCONSOLIDATION": 0.020671737240545413,
        "loan_intent_EDUCATION": 0.007831744481479745,
        "loan_intent_HOMEIMPROVEMENT": 0.0023624673647879334,
        "loan_intent_MEDICAL": 0.020262621421625666,
        "loan_intent_PERSONAL": 0.005667214542182589,
        "loan_intent_VENTURE": 0.010360021297160881,
        "loan_grade_A": 0.031464324901252685,
        "loan_grade_B": 0.02387077997216319,
        "loan_grade_C": 0.03259398844966123,
        "loan_grade_D": 0.02548883016797813,
        "loan_grade_E": 0.053448234902310994,
        "loan_grade_F": 0.02866917613129072,
        "loan_grade_G": 0.0414040950581789,
        "age": 0.0,
        "gender": 0.0,
        "race": 0.0
    },
    "sample_explanations": {
        "0": {
            "person_age": -1.0842021724855044e-19,
            "person_income": -6.938893903907228e-18,
            "person_emp_length": -1.3010426069826053e-18,
            "loan_amnt": -1.0842021724855044e-17,
            "loan_percent_income": 3.469446951953614e-18,
            "cb_person_default_on_file": -3.469446951953614e-18,
            "person_home_ownership_OTHER": 4.0996394647108136e-19,
            "person_home_ownership_OWN": 4.683753385137379e-17,
            "person_home_ownership_RENT": 1.0408340855860843e-17,
            "loan_intent_DEBTCONSOLIDATION": -8.673617379884035e-18,
            "loan_intent_EDUCATION": -2.8189256484623115e-18,
            "loan_intent_HOMEIMPROVEMENT": -1.1926223897340549e-18,
            "loan_intent_MEDICAL": 2.168404344971009e-18,
            "loan_intent_PERSONAL": -4.0657581468206416e-19,
            "loan_intent_VENTURE": 2.949029909160572e-17,
            "loan_grade_A": -1.1449174941446927e-16,
            "loan_grade_B": 1.734723475976807e-17,
            "loan_grade_C": 1.214306433183765e-17,
            "loan_grade_D": 1.6479873021779667e-17,
            "loan_grade_E": 3.903127820947816e-18,
            "loan_grade_F": -1.6263032587282567e-18,
            "loan_grade_G": 5.421010862427522e-20,
            "age": 0.0,
            "gender": 0.0,
            "race": 0.0
        },
        "1": {
            "person_age": 8.673617379884035e-18,
            "person_income": 3.0357660829594124e-18,
            "person_emp_length": -6.071532165918825e-18,
            "loan_amnt": 1.0408340855860843e-17,
            "loan_percent_income": 4.163336342344337e-17,
            "cb_person_default_on_file": 8.326672684688674e-17,
            "person_home_ownership_OTHER": -1.0842021724855044e-19,
            "person_home_ownership_OWN": 1.3183898417423734e-16,
            "person_home_ownership_RENT": 1.3877787807814457e-17,
            "loan_intent_DEBTCONSOLIDATION": 2.862293735361732e-17,
            "loan_intent_EDUCATION": 1.734723475976807e-18,
            "loan_intent_HOMEIMPROVEMENT": 3.7947076036992655e-19,
            "loan_intent_MEDICAL": -3.469446951953614e-18,
            "loan_intent_PERSONAL": -4.336808689942018e-18,
            "loan_intent_VENTURE": -1.1275702593849246e-17,
            "loan_grade_A": -1.9081958235744878e-17,
            "loan_grade_B": 1.9081958235744878e-17,
            "loan_grade_C": -3.122502256758253e-17,
            "loan_grade_D": 8.673617379884035e-18,
            "loan_grade_E": 9.540979117872439e-18,
            "loan_grade_F": -1.3877787807814457e-17,
            "loan_grade_G": -1.3552527156068805e-18,
            "age": 0.0,
            "gender": 0.0,
            "race": 0.0
        },
        "2": {
            "person_age": 1.214306433183765e-17,
            "person_income": 2.3592239273284576e-16,
            "person_emp_length": -2.2551405187698492e-17,
            "loan_amnt": -8.673617379884035e-17,
            "loan_percent_income": -3.3306690738754696e-16,
            "cb_person_default_on_file": 1.734723475976807e-18,
            "person_home_ownership_OTHER": 1.0164395367051604e-19,
            "person_home_ownership_OWN": -5.204170427930421e-18,
            "person_home_ownership_RENT": 1.8041124150158794e-16,
            "loan_intent_DEBTCONSOLIDATION": 2.3852447794681098e-18,
            "loan_intent_EDUCATION": 3.2526065174565133e-18,
            "loan_intent_HOMEIMPROVEMENT": -2.7755575615628914e-17,
            "loan_intent_MEDICAL": 2.168404344971009e-18,
            "loan_intent_PERSONAL": 4.336808689942018e-19,
            "loan_intent_VENTURE": 4.336808689942018e-18,
            "loan_grade_A": 5.204170427930421e-18,
            "loan_grade_B": -1.3010426069826053e-17,
            "loan_grade_C": -1.9081958235744878e-17,
            "loan_grade_D": 2.688821387764051e-17,
            "loan_grade_E": -4.336808689942018e-19,
            "loan_grade_F": 1.0842021724855044e-18,
            "loan_grade_G": 2.710505431213761e-20,
            "age": 0.0,
            "gender": 0.0,
            "race": 0.0
        },
        "3": {
            "person_age": 3.0357660829594124e-18,
            "person_income": 7.28583859910259e-17,
            "person_emp_length": -2.42861286636753e-17,
            "loan_amnt": -3.8163916471489756e-17,
            "loan_percent_income": 4.5102810375396984e-17,
            "cb_person_default_on_file": -5.898059818321144e-17,
            "person_home_ownership_OTHER": 2.642742795433417e-19,
            "person_home_ownership_OWN": -4.336808689942018e-18,
            "person_home_ownership_RENT": -1.0408340855860843e-17,
            "loan_intent_DEBTCONSOLIDATION": -1.214306433183765e-17,
            "loan_intent_EDUCATION": 4.336808689942018e-19,
            "loan_intent_HOMEIMPROVEMENT": 6.505213034913027e-19,
            "loan_intent_MEDICAL": 1.2576745200831851e-17,
            "loan_intent_PERSONAL": 1.951563910473908e-18,
            "loan_intent_VENTURE": 2.168404344971009e-18,
            "loan_grade_A": 7.632783294297951e-17,
            "loan_grade_B": -8.673617379884035e-19,
            "loan_grade_C": -2.5153490401663703e-17,
            "loan_grade_D": -1.734723475976807e-17,
            "loan_grade_E": -2.42861286636753e-17,
            "loan_grade_F": -1.734723475976807e-18,
            "loan_grade_G": 2.710505431213761e-19,
            "age": 0.0,
            "gender": 0.0,
            "race": 0.0
        },
        "4": {
            "person_age": -1.5178830414797062e-18,
            "person_income": -1.1102230246251565e-16,
            "person_emp_length": 3.469446951953614e-18,
            "loan_amnt": 4.163336342344337e-17,
            "loan_percent_income": 4.163336342344337e-17,
            "cb_person_default_on_file": 2.42861286636753e-16,
            "person_home_ownership_OTHER": 5.929230630780102e-20,
            "person_home_ownership_OWN": -6.071532165918825e-18,
            "person_home_ownership_RENT": 5.204170427930421e-18,
            "loan_intent_DEBTCONSOLIDATION": 1.3183898417423734e-16,
            "loan_intent_EDUCATION": -7.15573433840433e-18,
            "loan_intent_HOMEIMPROVEMENT": 1.5178830414797062e-18,
            "loan_intent_MEDICAL": 2.42861286636753e-17,
            "loan_intent_PERSONAL": 1.2576745200831851e-17,
            "loan_intent_VENTURE": 1.1275702593849246e-17,
            "loan_grade_A": 1.5959455978986625e-16,
            "loan_grade_B": -1.0408340855860843e-17,
            "loan_grade_C": -1.0408340855860843e-16,
            "loan_grade_D": 3.8163916471489756e-17,
            "loan_grade_E": 9.974659986866641e-18,